<?xml version="1.0" encoding="UTF-8" standalone="yes"?>
<addon id="plugin.flexistream" name="FlexiStream" version="2.0.1" provider-name="nalch">
  <requires>
    <import addon="xbmc.python" version="3.0.0"/>
    <import addon="script.module.yaml" version="3.11.0"/>
  </requires>
  <extension point="xbmc.python.pluginsource" library="addon.py">
    <provides>audio video</provides>
  </extension>
  <extension point="xbmc.addon.metadata">
    <summary lang="en_GB">Dynamically load and play internet streams</summary>
    <description lang="en_GB">Dynamically load and play internet streams</description>
    <disclaimer lang="en_GB"></disclaimer>
    <language></language>
    <platform>all</platform>
    <license></license>
    <forum></forum>
    <website></website>
    <email></email>
    <source>https://github.com/nalch/kodi-plugins</source>
    <news>v2.0.0
      - Matrix release
    </news>
    <assets>
        <icon>resources/icon.png</icon>
        <!--<fanart>resources/fanart.jpg</fanart>-->
        <banner></banner>
        <clearlogo></clearlogo>
        <screenshot></screenshot>
    </assets>
  </extension>
</addon>
